date,tweet_count,total_likes,total_retweets,total_engagement_weight,sentiment_mean,weighted_sentiment_mean,sentiment_std,positive_mean,negative_mean,pos_neg_ratio,sentiment_category
2019-03-30,103,41888.0,5717.0,47605.0,0.1367,0.0076,0.3954,0.0715,0.0309,2.31,Neutral
2019-03-31,83,10959.0,2931.0,13890.0,0.0818,0.1356,0.3251,0.0562,0.0286,1.96,Positive
2019-04-01,141,15717.0,10234.0,25951.0,0.1776,0.4018,0.39,0.0771,0.0281,2.73,Positive
2019-04-02,245,21767.0,6715.0,28482.0,0.1476,0.2871,0.368,0.0669,0.0279,2.39,Positive
2019-04-03,215,27149.0,6686.0,33835.0,0.1043,0.0947,0.3825,0.0605,0.0348,1.73,Neutral
2019-04-04,169,13759.0,4239.0,17998.0,0.1396,0.2151,0.366,0.0724,0.0288,2.51,Positive
2019-04-05,189,21704.0,6990.0,28694.0,0.1357,-0.0137,0.3668,0.0663,0.0231,2.86,Neutral
2019-04-06,135,14185.0,3802.0,17987.0,0.1464,0.2435,0.3334,0.0554,0.0185,2.98,Positive
2019-04-07,149,14554.0,3893.0,18447.0,0.102,0.1447,0.3762,0.0551,0.0192,2.85,Positive
2019-04-08,221,12703.0,3791.0,16494.0,0.107,0.2379,0.3587,0.0576,0.0271,2.12,Positive
2019-04-09,167,13027.0,4986.0,18013.0,0.2002,0.2327,0.4024,0.0844,0.0281,2.99,Positive
2019-04-10,174,8880.0,3265.0,12145.0,0.162,0.26,0.4224,0.0746,0.0324,2.3,Positive
2019-04-11,183,21926.0,6089.0,28015.0,0.1118,0.205,0.3919,0.0704,0.033,2.13,Positive
2019-04-12,145,19289.0,6044.0,25333.0,0.0805,0.1655,0.3928,0.0614,0.0428,1.43,Positive
2019-04-13,150,14929.0,3833.0,18762.0,0.1092,0.2801,0.3663,0.0642,0.0352,1.82,Positive
2019-04-14,113,6161.0,2136.0,8297.0,0.06,-0.2355,0.3748,0.0529,0.0348,1.52,Negative
2019-04-15,179,30558.0,11933.0,42491.0,0.1537,0.1236,0.3854,0.0719,0.0291,2.46,Positive
2019-04-16,153,14923.0,4872.0,19795.0,0.0891,-0.0819,0.3666,0.0566,0.0325,1.74,Neutral
2019-04-17,185,17089.0,5530.0,22619.0,0.2038,0.1826,0.3906,0.0801,0.0257,3.1,Positive
2019-04-18,183,23029.0,7101.0,30130.0,0.1551,0.0814,0.4093,0.0753,0.0297,2.53,Neutral
2019-04-19,139,15919.0,5438.0,21357.0,0.1232,0.0457,0.3635,0.0601,0.0268,2.23,Neutral
2019-04-20,181,14651.0,4525.0,19176.0,0.1561,0.1372,0.3989,0.0794,0.0256,3.09,Positive
2019-04-21,249,10876.0,3424.0,14300.0,0.1521,0.1937,0.399,0.0827,0.0323,2.55,Positive
2019-04-22,179,20710.0,5996.0,26706.0,0.1709,0.3727,0.4295,0.0821,0.0374,2.19,Positive
2019-04-23,223,22207.0,7388.0,29595.0,0.1457,0.1895,0.4066,0.0719,0.0311,2.3,Positive
2019-04-24,204,23576.0,7595.0,31171.0,0.1391,0.0662,0.4164,0.0766,0.0386,1.98,Neutral
2019-04-25,217,18359.0,5586.0,23945.0,0.1684,0.2612,0.3833,0.0795,0.0301,2.63,Positive
2019-04-26,181,22813.0,10373.0,33186.0,0.149,0.1769,0.4108,0.0792,0.0365,2.16,Positive
2019-04-27,153,19950.0,7365.0,27315.0,0.1379,0.4225,0.4201,0.0754,0.0359,2.09,Positive
2019-04-28,151,18609.0,8170.0,26779.0,0.1118,0.1612,0.4188,0.0654,0.0347,1.88,Positive
2019-04-29,237,26545.0,10471.0,37016.0,0.1457,0.2915,0.4002,0.0759,0.0318,2.38,Positive
2019-04-30,187,18225.0,6406.0,24631.0,0.2103,0.1759,0.3845,0.073,0.02,3.63,Positive
2019-05-01,206,27980.0,8755.0,36735.0,0.2057,0.0732,0.3616,0.0798,0.0281,2.83,Neutral
2019-05-02,250,23377.0,9953.0,33330.0,0.2118,0.1628,0.3819,0.0882,0.0281,3.13,Positive
2019-05-03,277,18997.0,5196.0,24193.0,0.175,0.0642,0.4382,0.0909,0.0376,2.41,Neutral
2019-05-04,211,32232.0,8127.0,40359.0,0.1305,0.234,0.418,0.0732,0.0458,1.59,Positive
2019-05-05,226,23709.0,11584.0,35293.0,0.1637,0.007,0.4412,0.0848,0.0443,1.91,Neutral
2019-05-06,298,28666.0,7302.0,35968.0,0.1688,0.2931,0.3953,0.078,0.0318,2.45,Positive
2019-05-07,370,53248.0,12470.0,65718.0,0.1768,0.1155,0.4174,0.0877,0.036,2.43,Positive
2019-05-08,472,44022.0,13218.0,57240.0,0.102,-0.0124,0.4602,0.0867,0.058,1.49,Neutral
2019-05-09,481,45793.0,11255.0,57048.0,0.1729,0.2297,0.4338,0.0914,0.0457,2.0,Positive
2019-05-10,3475,113652.0,36940.0,150592.0,0.1341,0.1446,0.4183,0.0865,0.0457,1.89,Positive
2019-05-11,6557,240660.0,60826.0,301486.0,0.1415,0.1419,0.4136,0.0906,0.0443,2.04,Positive
2019-05-12,6123,189480.0,46925.0,236405.0,0.1385,0.1224,0.4111,0.0843,0.0426,1.97,Positive
2019-05-13,7688,247603.0,62790.0,310393.0,0.1374,0.1585,0.4015,0.0863,0.0425,2.03,Positive
2019-05-14,6016,183891.0,43903.0,227794.0,0.1562,0.1706,0.4048,0.0872,0.0378,2.3,Positive
2019-05-15,5533,117067.0,32717.0,149784.0,0.1573,0.2132,0.4036,0.0857,0.0396,2.16,Positive
2019-05-16,4617,114576.0,30392.0,144968.0,0.1424,0.148,0.4163,0.0855,0.0437,1.95,Positive
2019-05-17,4709,103599.0,25960.0,129559.0,0.1227,0.1347,0.4206,0.0836,0.0496,1.68,Positive
2019-05-18,3474,70102.0,19039.0,89141.0,0.1371,0.1654,0.4161,0.0815,0.0416,1.95,Positive
2019-05-19,4383,100572.0,24771.0,125343.0,0.1517,0.1773,0.4161,0.0863,0.0395,2.18,Positive
2019-05-20,4032,102020.0,26448.0,128468.0,0.1333,0.1552,0.4154,0.0838,0.0452,1.85,Positive
2019-05-21,4863,105448.0,29455.0,134903.0,0.1335,0.1375,0.4238,0.0849,0.0463,1.83,Positive
2019-05-22,4736,105424.0,31256.0,136680.0,0.1861,0.2438,0.4309,0.0956,0.0408,2.34,Positive
2019-05-23,4376,84115.0,23805.0,107920.0,0.161,0.1533,0.4108,0.0884,0.0388,2.27,Positive
2019-05-24,4324,96135.0,27248.0,123383.0,0.1611,0.1458,0.4175,0.0888,0.0399,2.22,Positive
2019-05-25,3552,82522.0,21736.0,104258.0,0.1407,0.1515,0.4324,0.0883,0.0445,1.98,Positive
2019-05-26,4130,90977.0,21810.0,112787.0,0.1432,0.0738,0.4084,0.0857,0.0423,2.02,Neutral
2019-05-27,4737,125073.0,29685.0,154758.0,0.1462,0.1508,0.409,0.0822,0.0392,2.09,Positive
2019-05-28,5226,102780.0,29044.0,131824.0,0.1586,0.1721,0.3953,0.0825,0.0348,2.36,Positive
2019-05-29,4404,101156.0,26864.0,128020.0,0.1565,0.1865,0.4114,0.088,0.0397,2.21,Positive
2019-05-30,5205,104107.0,28629.0,132736.0,0.1329,0.1451,0.4114,0.0852,0.0466,1.82,Positive
2019-05-31,4465,85668.0,23573.0,109241.0,0.1324,0.134,0.4216,0.084,0.0471,1.78,Positive
2019-06-01,3103,64335.0,18156.0,82491.0,0.1571,0.1822,0.404,0.0856,0.037,2.31,Positive
2019-06-02,3404,69202.0,17289.0,86491.0,0.156,0.134,0.4079,0.0864,0.0408,2.11,Positive
2019-06-03,4456,72792.0,21857.0,94649.0,0.1356,0.1925,0.4146,0.0841,0.0455,1.84,Positive
2019-06-04,4293,97607.0,25286.0,122893.0,0.1384,0.1083,0.4268,0.0873,0.0492,1.77,Positive
2019-06-05,3526,62373.0,17991.0,80364.0,0.1351,0.1566,0.4345,0.0877,0.049,1.79,Positive
2019-06-06,3522,63549.0,18200.0,81749.0,0.1412,0.179,0.4207,0.0867,0.0461,1.88,Positive
2019-06-07,3524,71977.0,19253.0,91230.0,0.1217,0.104,0.4234,0.0816,0.0481,1.69,Positive
2019-06-08,2669,53108.0,14274.0,67382.0,0.1403,0.1698,0.4212,0.0852,0.0455,1.87,Positive
2019-06-09,2603,47840.0,12522.0,60362.0,0.1428,0.1641,0.4284,0.0838,0.0445,1.88,Positive
2019-06-10,3402,68356.0,20608.0,88964.0,0.156,0.1412,0.424,0.0884,0.0421,2.09,Positive
2019-06-11,3293,57816.0,16137.0,73953.0,0.1545,0.147,0.4136,0.0858,0.0414,2.07,Positive
2019-06-12,3412,60561.0,16910.0,77471.0,0.1546,0.1891,0.4242,0.0863,0.0412,2.09,Positive
2019-06-13,3527,70456.0,19313.0,89769.0,0.1369,0.1423,0.4061,0.0781,0.0392,1.99,Positive
2019-06-14,3558,85622.0,23396.0,109018.0,0.1361,0.1655,0.4126,0.0831,0.0449,1.85,Positive
2019-06-15,3283,75379.0,20154.0,95533.0,0.1408,0.1399,0.4173,0.0853,0.042,2.03,Positive
2019-06-16,4289,129064.0,31702.0,160766.0,0.1468,0.1225,0.413,0.0887,0.0424,2.09,Positive
2019-06-17,4296,111001.0,28175.0,139176.0,0.1475,0.1864,0.4066,0.0851,0.0403,2.11,Positive
2019-06-18,4737,115386.0,30591.0,145977.0,0.1426,0.1827,0.4174,0.0843,0.0436,1.93,Positive
2019-06-19,3961,108653.0,28630.0,137283.0,0.1651,0.1392,0.4199,0.0912,0.0414,2.2,Positive
2019-06-20,4282,103398.0,26107.0,129505.0,0.1478,0.1765,0.4099,0.0854,0.0407,2.09,Positive
2019-06-21,5785,159450.0,38205.0,197655.0,0.1586,0.1623,0.4077,0.0902,0.041,2.19,Positive
2019-06-22,7416,255118.0,54635.0,309753.0,0.1457,0.1119,0.4171,0.0908,0.0467,1.94,Positive
2019-06-23,4169,105084.0,22841.0,127925.0,0.1512,0.1583,0.4209,0.0878,0.0424,2.07,Positive
2019-06-24,4889,113355.0,31972.0,145327.0,0.1481,0.1767,0.411,0.0836,0.04,2.08,Positive
2019-06-25,5720,143081.0,34741.0,177822.0,0.1521,0.174,0.413,0.0893,0.0439,2.03,Positive
2019-06-26,10113,310412.0,70437.0,380849.0,0.127,0.1016,0.4146,0.0886,0.0497,1.78,Positive
2019-06-27,6190,148641.0,38166.0,186807.0,0.1235,0.0759,0.4226,0.0846,0.05,1.69,Neutral
2019-06-28,4907,104104.0,27618.0,131722.0,0.1394,0.1353,0.4178,0.0855,0.0445,1.92,Positive
2019-06-29,3667,71384.0,18564.0,89948.0,0.151,0.1718,0.422,0.0874,0.0428,2.04,Positive
2019-06-30,3715,71224.0,18352.0,89576.0,0.1432,0.1476,0.4075,0.0848,0.043,1.97,Positive
2019-07-01,4493,93824.0,27234.0,121058.0,0.1472,0.1666,0.4046,0.0836,0.0394,2.12,Positive
2019-07-02,4817,101983.0,27415.0,129398.0,0.1288,0.1419,0.4157,0.0832,0.0451,1.84,Positive
2019-07-03,4687,104788.0,28217.0,133005.0,0.1387,0.1157,0.4186,0.0855,0.0448,1.9,Positive
2019-07-04,4175,71586.0,19686.0,91272.0,0.1676,0.2032,0.425,0.0948,0.0427,2.21,Positive
2019-07-05,3760,78883.0,20254.0,99137.0,0.1583,0.1759,0.4102,0.0917,0.0417,2.19,Positive
2019-07-06,3231,47766.0,13897.0,61663.0,0.1488,0.1368,0.414,0.0897,0.0424,2.11,Positive
2019-07-07,3151,59091.0,16318.0,75409.0,0.1414,0.1311,0.4238,0.0859,0.0469,1.83,Positive
2019-07-08,4426,88085.0,24361.0,112446.0,0.1302,0.1233,0.4152,0.0845,0.0464,1.82,Positive
2019-07-09,4591,97610.0,27706.0,125316.0,0.1403,0.1942,0.415,0.0859,0.0431,1.99,Positive
2019-07-10,5198,126138.0,30221.0,156359.0,0.1249,0.1254,0.4195,0.0856,0.0493,1.73,Positive
2019-07-11,4428,71668.0,21378.0,93046.0,0.1171,0.1427,0.4262,0.0863,0.0531,1.62,Positive
2019-07-12,7263,201337.0,49576.0,250913.0,0.1129,0.1496,0.434,0.0903,0.057,1.58,Positive
2019-07-13,3816,73680.0,20123.0,93803.0,0.1469,0.1533,0.4191,0.0925,0.0494,1.87,Positive
2019-07-14,3918,76523.0,17944.0,94467.0,0.1358,0.1233,0.4311,0.0922,0.0516,1.78,Positive
2019-07-15,5239,122300.0,31086.0,153386.0,0.1195,0.1259,0.4361,0.091,0.0549,1.65,Positive
2019-07-16,4934,111506.0,28617.0,140123.0,0.131,0.1586,0.4318,0.0918,0.0503,1.82,Positive
2019-07-17,5178,132420.0,33723.0,166143.0,0.1428,0.1206,0.4325,0.0929,0.0503,1.84,Positive
2019-07-18,5099,108938.0,26640.0,135578.0,0.1443,0.1728,0.4254,0.0893,0.0477,1.87,Positive
2019-07-19,4339,97493.0,31066.0,128559.0,0.1499,0.1725,0.4264,0.0951,0.0469,2.02,Positive
2019-07-20,3664,81406.0,20006.0,101412.0,0.1557,0.1274,0.4241,0.0937,0.0456,2.05,Positive
2019-07-21,3292,51620.0,15522.0,67142.0,0.179,0.1985,0.4127,0.0952,0.0399,2.38,Positive
2019-07-22,4136,85402.0,25631.0,111033.0,0.1413,0.1382,0.4177,0.0862,0.0418,2.06,Positive
2019-07-23,3900,70288.0,21062.0,91350.0,0.1453,0.1645,0.4221,0.0921,0.0469,1.96,Positive
2019-07-24,4126,89821.0,24398.0,114219.0,0.1519,0.1815,0.4178,0.0958,0.0472,2.03,Positive
2019-07-25,3734,78272.0,22649.0,100921.0,0.182,0.2249,0.4168,0.0971,0.0396,2.45,Positive
2019-07-26,4475,59274.0,19749.0,79023.0,0.1602,0.1251,0.4192,0.0983,0.0433,2.26,Positive
2019-07-27,3428,62666.0,16875.0,79541.0,0.1398,0.1108,0.4265,0.0927,0.0492,1.88,Positive
2019-07-28,3082,54900.0,14264.0,69164.0,0.1519,0.1338,0.4202,0.0944,0.0467,2.02,Positive
2019-07-29,3657,74225.0,22055.0,96280.0,0.1306,0.157,0.4083,0.082,0.0434,1.89,Positive
2019-07-30,3661,78949.0,22904.0,101853.0,0.1447,0.155,0.4144,0.0868,0.0431,2.01,Positive
2019-07-31,3963,85116.0,29168.0,114284.0,0.1302,0.1299,0.4159,0.0843,0.046,1.83,Positive
2019-08-01,3996,84481.0,24188.0,108669.0,0.1507,0.2131,0.4129,0.0884,0.043,2.05,Positive
2019-08-02,3798,86818.0,24608.0,111426.0,0.1661,0.2055,0.4127,0.0894,0.0376,2.37,Positive
2019-08-03,3249,58516.0,14496.0,73012.0,0.1664,0.1254,0.4082,0.0893,0.0377,2.36,Positive
2019-08-04,2781,51494.0,14854.0,66348.0,0.1609,0.1581,0.423,0.0901,0.0404,2.22,Positive
2019-08-05,5181,130051.0,33572.0,163623.0,0.1315,0.121,0.4243,0.0903,0.0485,1.86,Positive
2019-08-06,4603,97955.0,27891.0,125846.0,0.1356,0.1069,0.4294,0.0908,0.0484,1.87,Positive
2019-08-07,4185,87908.0,23898.0,111806.0,0.1429,0.1907,0.4438,0.0972,0.0524,1.85,Positive
2019-08-08,3699,72042.0,20185.0,92227.0,0.1612,0.1734,0.4286,0.0965,0.0475,2.03,Positive
2019-08-09,3796,77644.0,22915.0,100559.0,0.1349,0.2006,0.4305,0.0925,0.0488,1.89,Positive
2019-08-10,2922,48887.0,15701.0,64588.0,0.1403,0.1559,0.429,0.0934,0.049,1.9,Positive
2019-08-11,2662,58581.0,17523.0,76104.0,0.1623,0.0933,0.4261,0.0987,0.0455,2.16,Neutral
2019-08-12,3591,84458.0,23828.0,108286.0,0.1532,0.1973,0.4147,0.0908,0.0439,2.06,Positive
2019-08-13,3913,81705.0,23667.0,105372.0,0.133,0.1129,0.4174,0.0868,0.0476,1.82,Positive
2019-08-14,4263,89508.0,25108.0,114616.0,0.1302,0.1262,0.4273,0.0935,0.0535,1.74,Positive
2019-08-15,3989,69376.0,20614.0,89990.0,0.1253,0.13,0.4363,0.091,0.053,1.71,Positive
2019-08-16,3686,80299.0,29116.0,109415.0,0.1639,0.1601,0.4128,0.0921,0.043,2.14,Positive
2019-08-17,2959,56249.0,20328.0,76577.0,0.1539,0.2214,0.4149,0.0922,0.0436,2.11,Positive
2019-08-18,3061,63071.0,19584.0,82655.0,0.1512,0.1292,0.4286,0.094,0.0479,1.96,Positive
2019-08-19,3684,74814.0,26367.0,101181.0,0.1473,0.1573,0.4142,0.0894,0.044,2.03,Positive
2019-08-20,3924,83603.0,27797.0,111400.0,0.1525,0.243,0.4352,0.0941,0.0494,1.9,Positive
2019-08-21,3973,70553.0,24868.0,95421.0,0.1349,0.1215,0.4229,0.0933,0.048,1.94,Positive
2019-08-22,3805,68351.0,20254.0,88605.0,0.1355,0.1309,0.4404,0.0936,0.0525,1.78,Positive
2019-08-23,3788,82477.0,30243.0,112720.0,0.1519,0.06,0.4341,0.095,0.0481,1.97,Neutral
2019-08-24,3163,52394.0,16802.0,69196.0,0.1542,0.1906,0.4296,0.0943,0.0468,2.01,Positive
2019-08-25,2786,42445.0,12678.0,55123.0,0.164,0.1875,0.4216,0.0962,0.0444,2.16,Positive
2019-08-26,3416,70962.0,25880.0,96842.0,0.1623,0.149,0.4217,0.0921,0.0419,2.19,Positive
2019-08-27,3568,78217.0,23013.0,101230.0,0.1251,0.1419,0.4362,0.0863,0.0508,1.7,Positive
2019-08-28,3872,72292.0,20309.0,92601.0,0.141,0.1357,0.4213,0.0868,0.0483,1.79,Positive
2019-08-29,3404,67829.0,17955.0,85784.0,0.1437,0.13,0.4342,0.0926,0.0491,1.88,Positive
2019-08-30,3115,49985.0,14295.0,64280.0,0.1541,0.1674,0.4255,0.0916,0.0476,1.92,Positive
2019-08-31,2621,41162.0,11558.0,52720.0,0.1438,0.1369,0.4199,0.0871,0.0432,2.01,Positive
2019-09-01,2725,58159.0,16832.0,74991.0,0.1455,0.2047,0.4088,0.0889,0.0457,1.94,Positive
2019-09-02,3727,80196.0,21317.0,101513.0,0.1345,0.1463,0.4172,0.0884,0.0496,1.78,Positive
2019-09-03,3900,91734.0,25437.0,117171.0,0.1462,0.091,0.4252,0.0917,0.0487,1.88,Neutral
2019-09-04,3548,73835.0,27460.0,101295.0,0.1585,0.1681,0.4138,0.091,0.0432,2.1,Positive
2019-09-05,3455,67105.0,18207.0,85312.0,0.1787,0.2257,0.4233,0.1,0.0456,2.19,Positive
2019-09-06,3826,92748.0,25534.0,118282.0,0.1467,0.1818,0.4228,0.0919,0.0458,2.0,Positive
2019-09-07,2870,47509.0,12427.0,59936.0,0.143,0.0998,0.4257,0.0894,0.0467,1.91,Neutral
2019-09-08,2517,45470.0,12664.0,58134.0,0.1415,0.1704,0.4097,0.0873,0.0445,1.96,Positive
2019-09-09,3348,74087.0,27073.0,101160.0,0.1522,0.2887,0.4093,0.0891,0.0408,2.18,Positive
2019-09-10,3291,49605.0,15263.0,64868.0,0.1474,0.185,0.4216,0.0901,0.0448,2.01,Positive
2019-09-11,3195,61240.0,21334.0,82574.0,0.1579,0.1996,0.4288,0.0929,0.0477,1.94,Positive
2019-09-12,3356,68690.0,18142.0,86832.0,0.1443,0.1659,0.4235,0.0901,0.0466,1.93,Positive
2019-09-13,3119,50497.0,15641.0,66138.0,0.1383,0.1611,0.4174,0.0851,0.0436,1.95,Positive
2019-09-14,2573,43833.0,12791.0,56624.0,0.1606,0.1137,0.4127,0.09,0.04,2.24,Positive
2019-09-15,2709,47856.0,13705.0,61561.0,0.1619,0.1683,0.4076,0.0927,0.0419,2.21,Positive
2019-09-16,3527,65174.0,21692.0,86866.0,0.1244,0.1968,0.433,0.0847,0.0495,1.71,Positive
2019-09-17,3401,65210.0,19110.0,84320.0,0.144,0.1837,0.4121,0.0883,0.0447,1.97,Positive
2019-09-18,3704,60542.0,19041.0,79583.0,0.1615,0.2068,0.4109,0.0909,0.0425,2.13,Positive
2019-09-19,3758,70585.0,19204.0,89789.0,0.161,0.1705,0.4141,0.092,0.0433,2.12,Positive
2019-09-20,3166,67031.0,22580.0,89611.0,0.1526,0.177,0.4136,0.0889,0.0413,2.15,Positive
2019-09-21,2606,50810.0,13069.0,63879.0,0.1418,0.1409,0.405,0.0854,0.0412,2.07,Positive
2019-09-22,2662,46961.0,13387.0,60348.0,0.1532,0.2056,0.4025,0.0911,0.0431,2.11,Positive
2019-09-23,3739,97482.0,26425.0,123907.0,0.147,0.1804,0.4005,0.0839,0.0403,2.08,Positive
2019-09-24,4801,101621.0,25822.0,127443.0,0.1147,0.1406,0.413,0.0849,0.0505,1.68,Positive
2019-09-25,4173,106141.0,30047.0,136188.0,0.1088,0.0739,0.4284,0.0844,0.0537,1.57,Neutral
2019-09-26,4000,86215.0,21972.0,108187.0,0.1144,0.1106,0.4222,0.0852,0.0528,1.61,Positive
2019-09-27,3611,83259.0,22307.0,105566.0,0.1202,0.1548,0.4264,0.0853,0.0516,1.65,Positive
2019-09-28,2743,49156.0,13773.0,62929.0,0.1361,0.0997,0.4099,0.0882,0.0455,1.93,Neutral
2019-09-29,2558,46356.0,11691.0,58047.0,0.1396,0.1348,0.4115,0.089,0.0458,1.94,Positive
2019-09-30,3345,57597.0,15136.0,72733.0,0.1219,0.086,0.4128,0.0837,0.0474,1.76,Neutral
2019-10-01,3373,66587.0,18730.0,85317.0,0.1343,0.1417,0.423,0.0842,0.0454,1.85,Positive
2019-10-02,2914,52252.0,14189.0,66441.0,0.1302,0.1754,0.4103,0.0813,0.0445,1.82,Positive
2019-10-03,3030,48499.0,13964.0,62463.0,0.1414,0.1224,0.4147,0.0851,0.0446,1.9,Positive
2019-10-04,2738,40383.0,13399.0,53782.0,0.1413,0.2174,0.4175,0.0863,0.0467,1.84,Positive
2019-10-05,2540,42858.0,12072.0,54930.0,0.1403,0.1917,0.4138,0.0879,0.0459,1.91,Positive
2019-10-06,2618,50972.0,13322.0,64294.0,0.1276,0.154,0.4259,0.0862,0.0473,1.82,Positive
2019-10-07,3445,58106.0,16289.0,74395.0,0.1478,0.117,0.411,0.0898,0.0443,2.02,Positive
2019-10-08,3022,50674.0,13150.0,63824.0,0.1598,0.1922,0.4088,0.0908,0.0427,2.12,Positive
2019-10-09,3488,72704.0,18894.0,91598.0,0.1546,0.1547,0.4184,0.091,0.0437,2.08,Positive
2019-10-10,3173,64310.0,17209.0,81519.0,0.1394,0.1136,0.4203,0.088,0.0474,1.85,Positive
2019-10-11,3122,64081.0,19862.0,83943.0,0.1206,0.1676,0.422,0.0863,0.0506,1.7,Positive
2019-10-12,2338,44172.0,12135.0,56307.0,0.1609,0.1723,0.4156,0.0906,0.041,2.2,Positive
2019-10-13,2424,48254.0,11934.0,60188.0,0.1595,0.1927,0.4152,0.0891,0.041,2.17,Positive
2019-10-14,2893,54265.0,15028.0,69293.0,0.1586,0.182,0.4149,0.0915,0.0436,2.09,Positive
2019-10-15,3231,50439.0,16330.0,66769.0,0.1611,0.1797,0.4073,0.0872,0.0396,2.2,Positive
2019-10-16,3598,89310.0,31552.0,120862.0,0.1272,0.0313,0.4248,0.0846,0.049,1.72,Neutral
2019-10-17,3297,70396.0,21983.0,92379.0,0.1205,0.0812,0.4298,0.0835,0.0495,1.68,Neutral
2019-10-18,3289,61435.0,19435.0,80870.0,0.1187,0.1733,0.4321,0.0862,0.0537,1.6,Positive
2019-10-19,2693,70638.0,20843.0,91481.0,0.1433,0.1661,0.4144,0.0873,0.0445,1.96,Positive
2019-10-20,2491,62929.0,13320.0,76249.0,0.156,0.2113,0.4104,0.0897,0.0426,2.1,Positive
2019-10-21,3015,51265.0,14713.0,65978.0,0.1323,0.1442,0.4143,0.0826,0.0427,1.93,Positive
2019-10-22,3102,51409.0,15332.0,66741.0,0.143,0.1614,0.411,0.0874,0.0421,2.07,Positive
2019-10-23,4149,91669.0,23030.0,114699.0,0.1146,0.1263,0.4299,0.0878,0.0547,1.6,Positive
2019-10-24,3426,76869.0,20677.0,97546.0,0.1193,0.1183,0.4361,0.0867,0.0516,1.68,Positive
2019-10-25,4087,97781.0,22636.0,120417.0,0.1306,0.1123,0.426,0.085,0.0476,1.78,Positive
2019-10-26,4713,146075.0,29284.0,175359.0,0.1381,0.1525,0.428,0.0897,0.0492,1.82,Positive
2019-10-27,3109,74262.0,17972.0,92234.0,0.1473,0.1544,0.4106,0.09,0.044,2.04,Positive
2019-10-28,3780,73211.0,20667.0,93878.0,0.141,0.1253,0.4088,0.0853,0.0415,2.05,Positive
2019-10-29,3342,82564.0,22486.0,105050.0,0.1766,0.2147,0.412,0.091,0.039,2.33,Positive
2019-10-30,3432,75545.0,20487.0,96032.0,0.1552,0.1832,0.4079,0.0865,0.0397,2.17,Positive
2019-10-31,3769,81758.0,23263.0,105021.0,0.1958,0.2238,0.423,0.1054,0.0393,2.68,Positive
2019-11-01,3122,66250.0,20543.0,86793.0,0.1636,0.1544,0.4273,0.0939,0.0441,2.12,Positive
2019-11-02,2507,50171.0,12805.0,62976.0,0.1564,0.2145,0.4163,0.0907,0.0409,2.21,Positive
2019-11-03,2575,43408.0,11114.0,54522.0,0.1329,0.1332,0.4188,0.0882,0.0478,1.84,Positive
2019-11-04,3650,63932.0,19670.0,83602.0,0.1353,0.1032,0.4197,0.0853,0.0452,1.88,Positive
2019-11-05,3281,86198.0,19661.0,105859.0,0.1698,0.0423,0.425,0.0947,0.0426,2.22,Neutral
2019-11-06,3242,68259.0,19177.0,87436.0,0.1591,0.1893,0.417,0.0885,0.0419,2.11,Positive
2019-11-07,3059,65006.0,17801.0,82807.0,0.1401,0.1316,0.4233,0.0861,0.0449,1.91,Positive
2019-11-08,3262,76690.0,20891.0,97581.0,0.1448,0.1152,0.425,0.0895,0.0469,1.9,Positive
2019-11-09,2465,51113.0,12118.0,63231.0,0.1445,0.1739,0.4181,0.0859,0.043,1.99,Positive
2019-11-10,2720,56914.0,14295.0,71209.0,0.1552,0.1413,0.4088,0.0895,0.041,2.18,Positive
2019-11-11,3390,72421.0,20508.0,92929.0,0.1595,0.1845,0.4146,0.0911,0.0428,2.12,Positive
2019-11-12,3345,61139.0,17687.0,78826.0,0.1512,0.1754,0.411,0.0857,0.0398,2.15,Positive
2019-11-13,3030,58273.0,17441.0,75714.0,0.1419,0.146,0.4227,0.0845,0.0452,1.87,Positive
2019-11-14,3163,81034.0,22669.0,103703.0,0.163,0.3239,0.4174,0.0946,0.0445,2.12,Positive
2019-11-15,3272,88623.0,17255.0,105878.0,0.1522,0.3411,0.4228,0.0911,0.0451,2.02,Positive
2019-11-16,2322,37825.0,9495.0,47320.0,0.141,0.1139,0.4226,0.0894,0.0453,1.97,Positive
2019-11-17,2489,39073.0,10644.0,49717.0,0.1338,0.1231,0.4185,0.088,0.0441,1.99,Positive
2019-11-18,3113,67834.0,18421.0,86255.0,0.1301,0.0823,0.4207,0.0845,0.0449,1.88,Neutral
2019-11-19,3233,54729.0,16109.0,70838.0,0.1411,0.0884,0.4206,0.0881,0.0447,1.97,Neutral
2019-11-20,2930,66516.0,18440.0,84956.0,0.1497,0.1557,0.4186,0.0877,0.0445,1.97,Positive
2019-11-21,3384,70675.0,16899.0,87574.0,0.1241,0.066,0.4304,0.0888,0.0531,1.67,Neutral
2019-11-22,3718,85105.0,20349.0,105454.0,0.0926,0.0554,0.4359,0.0846,0.0578,1.46,Neutral
2019-11-23,1351,16474.0,4764.0,21238.0,0.1011,0.0756,0.4391,0.0848,0.0542,1.56,Neutral
2022-06-08,21,453.0,131.0,584.0,0.4446,0.5471,0.5033,0.1448,0.0437,3.31,Very Positive
2022-06-17,23,562.0,149.0,711.0,0.238,0.6016,0.4992,0.1101,0.0495,2.22,Very Positive
2022-06-29,8,231.0,29.0,260.0,0.387,0.7681,0.6118,0.1723,0.054,3.18,Very Positive
2022-07-11,40,611.0,182.0,793.0,0.3275,-0.0827,0.5204,0.142,0.0608,2.33,Neutral
2022-07-19,37,1031.0,388.0,1419.0,0.2639,0.4492,0.5265,0.1345,0.0695,1.93,Positive
2022-07-27,31,3953.0,900.0,4853.0,0.2154,0.7427,0.5129,0.1144,0.0475,2.4,Very Positive
